The AVM KEN! web server allows remote attackers to read arbitrary files via a .. (dot dot) attack.,0
The WDaemon web server for WorldClient 2.1 allows remote attackers to read arbitrary files via a .. (dot dot) attack.,0
"Lotus Domino server 5.0.9a and earlier allows remote attackers to bypass security restrictions and view Notes database files and possibly sensitive Notes template files (.ntf) via an HTTP request with a large number of """"+"""" characters before the .nsf file extension, which are converted to spaces by Domino.",0
"Qualcomm Eudora 5.1 allows remote attackers to execute arbitrary code via an HTML e-mail message that uses a file:// URL in a t:video tag to reference an attached Windows Media Player file containing JavaScript code, which is launched and executed in the My Computer zone by Internet Explorer.",0
Stack-based buffer overflow in FORM2RAW.exe in Alt-N MDaemon 6.5.2 through 6.8.5 allows remote attackers to execute arbitrary code via a long From parameter to Form2Raw.cgi.,0
"The HTTP server in Lexmark T522 and possibly other models allows remote attackers to cause a denial of service (server crash, reload, or hang) via an HTTP header with a long Host field, possibly triggering a buffer overflow.",0
"Directory traversal vulnerability in TwinFTP 1.0.3 R2 allows remote attackers to create arbitrary files via a .../ (triple dot) in the (1) CWD, (2) STOR, or (3) RETR commands.",0
PHP remote file inclusion vulnerability in article mode for modules.php in SocialMPN allows remote attackers to execute arbitrary PHP code by modifying the name parameter to reference a URL on a remote web server that contains the code.,0
Multiple cross-site scripting (XSS) vulnerabilities in content.asp in Iatek PortalApp allow remote attackers to inject arbitrary web script or HTML via the (1) contenttype or (2) keywords parameter.,0
"Multiple SQL injection vulnerabilities in InteractivePHP FusionBB .11 Beta and earlier allow remote attackers to execute arbitrary SQL commands via (1) the username, which is not properly handled by the insertUser function, or (2) the bb_session_id value in a cookie.",0
"Multiple SQL injection vulnerabilities in phpCommunityCalendar 4.0.3, and possibly earlier versions, allow remote attackers to execute arbitrary SQL commands via the (1) login field in login.php or (2) LocationID parameter to week.php.",0
SQL injection vulnerability in index.php in NooTopList 1.0.0 release 17 allows remote attackers to execute arbitrary SQL commands via the (1) o or (2) sort parameters.,0
"Multiple interpretation error in unspecified versions of Ikarus AntiVirus allows remote attackers to bypass virus detection via a malicious executable in a specially crafted RAR file with malformed central and local headers, which can still be opened by products such as Winrar and PowerZip, even though they are rejected as corrupted by Winzip and BitZipper.",0
"Multiple interpretation error in Ikarus demo version allows remote attackers to bypass virus scanning via a file such as BAT, HTML, and EML with an """"MZ"""" magic byte sequence which is normally associated with EXE, which causes the file to be treated as a safe type that could still be executed as a dangerous file type by applications on the end system, as demonstrated by a """"triple headed"""" program that contains EXE, EML, and HTML content, aka the """"magic byte bug.""""",0
Safari in Mac OS X and OS X Server 10.3.9 and 10.4.3 allows remote attackers to cause files to be downloaded to locations outside the download directory via a long file name.,0
"The web interface for subscribing new users in Lyris ListManager 5.0 through 8.8b, in combination with a line wrap feature, allows remote attackers to execute arbitrary list administration commands via LFCR (%0A%0D) sequences in the pw parameter.  NOTE: it is not clear whether this is a variant of a CRLF injection vulnerability.",0
"SQL injection vulnerability in main.php in Enterprise Heart Enterprise Connector 1.0.2 allows remote attackers to execute arbitrary SQL commands and bypass login authentication via the loginid parameter, a different vulnerability than CVE-2005-3875.",0
"Multiple cross-site scripting (XSS) vulnerabilities in links.php in PHP Linkliste 1.0b allow remote attackers to inject arbitrary web script or HTML via the (1) new_input, (2) new_url, or (3) new_name parameter.",0
"Multiple PHP remote file inclusion vulnerabilities in Forum82 2.5.2b and earlier allow remote attackers to execute arbitrary PHP code via a URL in the repertorylevel parameter including scripts in /forum/ including (1) search.php, (2) message.php, (3) member.php, (4) mail.php, (5) lostpassword.php, (6) gesfil.php, (7) forum82lib.php3, and other unspecified scripts.",0
SQL injection vulnerability in newsdetail.asp in Enthrallweb eMates 1.0 allows remote attackers to execute arbitrary SQL commands via the ID parameter.,0
"SQL injection vulnerability in Grayscale Blog 0.8.0, and possibly earlier versions, might allow remote attackers to execute arbitrary SQL commands via the (1) id parameter to (a) userdetail.php, id and (2) url parameter to (b) jump.php, and id variable to (c) detail.php.",0
"** DISPUTED **  PHP remote file inclusion vulnerability in includes/usercp_register.php in phpBB 2.0.19 allows remote attackers to execute arbitrary PHP code via a URL in the phpbb_root_path parameter.  NOTE: this issue has been disputed by third-party researchers, stating that the file checks for a global constant and cannot be accessed directly.",0
Multiple absolute path traversal vulnerabilities in Pegasus Imaging ImagXpress 8.0 allow remote attackers to (1) delete arbitrary files via the CacheFile attribute in the ThumbnailXpres.1 ActiveX control (PegasusImaging.ActiveX.ThumnailXpress1.dll) or (2) overwrite arbitrary files via the CompactFile function in the ImagXpress.8 ActiveX control (PegasusImaging.ActiveX.ImagXpress8.dll).,0
Directory traversal vulnerability in Sergey Lyubka Simple HTTPD (shttpd) 1.38 and earlier on Windows allows remote attackers to read arbitrary files via a ..\ (dot dot backslash) in the URI.,0
Cross-site scripting (XSS) vulnerability in search.php in Interspire Shopping Cart 1.x allows remote attackers to inject arbitrary web script or HTML via the search_query parameter.  NOTE: the provenance of this information is unknown; the details are obtained solely from third party information.,0
Directory traversal vulnerability in thumbnails.php in sabros.us 1.75 allows remote attackers to read arbitrary files via a .. (dot dot) in the img parameter.,0
Cross-site scripting (XSS) vulnerability in ajaxp_backend.php in MyioSoft EasyBookMarker 4.0 trial edition (tr) allows remote attackers to inject arbitrary web script or HTML via the rs parameter.,0
Tools/faqwiz/move-faqwiz.sh (aka the generic FAQ wizard moving tool) in Python 2.4.5 might allow local users to overwrite arbitrary files via a symlink attack on a tmp$RANDOM.tmp temporary file.  NOTE: there may not be common usage scenarios in which tmp$RANDOM.tmp is located in an untrusted directory.,0
"Multiple buffer overflows in Opera before 9.63 might allow (1) remote attackers to execute arbitrary code via a crafted text area, or allow (2) user-assisted remote attackers to execute arbitrary code via a long host name in a file: URL.  NOTE: this might overlap CVE-2008-5178.",0
PHP remote file inclusion vulnerability in main.inc.php in BaseBuilder 2.0.1 and earlier allows remote attackers to execute arbitrary PHP code via a URL in the mj_config[src_path] parameter.,0
"Multiple unspecified vulnerabilities in the Doors subsystem in the kernel in Sun Solaris 8 through 10, and OpenSolaris before snv_94, allow local users to cause a denial of service (process hang), or possibly bypass file permissions or gain kernel-context privileges, via vectors including ones related to (1) an argument handling deadlock in a door server and (2) watchpoint problems in the door_call function.",0
"Multiple SQL injection vulnerabilities in the administrative login feature in PropertyMax Pro FREE 0.3, when magic_quotes_gpc is disabled, allow remote attackers to execute arbitrary SQL commands via the (1) username and (2) password parameters.",0
"PHP remote file inclusion vulnerability in admin/admin_news_bot.php in Drunken:Golem Gaming Portal 0.5.1 alpha 2 allows remote attackers to execute arbitrary PHP code via a URL in the root_path parameter, a different vector than CVE-2007-0572.",0
Directory traversal vulnerability in the Picasa (com_joomlapicasa2) component 2.0 and 2.0.5 for Joomla! allows remote attackers to read arbitrary local files via a .. (dot dot) in the controller parameter to index.php.  NOTE: some of these details are obtained from third party information.,0
Cross-site scripting (XSS) vulnerability in the Post Affiliate Pro (PAP) module for Drupal allows remote attackers to inject arbitrary web script or HTML via vectors related to user registration.,0
Open redirect vulnerability in JForum 2.1.9 allows remote attackers to redirect users to arbitrary web sites and conduct phishing attacks via a URL in the returnPath parameter in a validateLogin action to jforum.page.,0
"The Java Runtime Environment (JRE) component in Oracle Java SE 7 Update 17 and earlier, 6 Update 43 and earlier, 5.0 Update 41 and earlier, and JavaFX 2.2.7 and earlier allows remote attackers to execute arbitrary code via vectors related to 2D, as demonstrated by Joshua Drake during a Pwn2Own competition at CanSecWest 2013.",0
lib/ldoce/word.rb in the ldoce 0.0.2 gem for Ruby allows remote attackers to execute arbitrary commands via shell metacharacters in (1) an mp3 URL or (2) file name.,0
"Directory traversal vulnerability in the cgit_parse_readme function in ui-summary.c in cgit before 0.9.2, when a readme file is set to a filesystem path, allows remote attackers to read arbitrary files via a .. (dot dot) in the url parameter.",0
Multiple SQL injection vulnerabilities in Vanilla Forums before 2.0.18.8 allow remote attackers to execute arbitrary SQL commands via the parameter name in the Form/Email array to (1) entry/signin or (2) entry/passwordrequest.,0
"Use-after-free vulnerability in the nsIPresShell::GetPresContext function in the PresShell (aka presentation shell) implementation in Mozilla Firefox before 25.0, Firefox ESR 17.x before 17.0.10 and 24.x before 24.1, Thunderbird before 24.1, Thunderbird ESR 17.x before 17.0.10, and SeaMonkey before 2.22 allows remote attackers to execute arbitrary code or cause a denial of service (heap memory corruption and application crash) via vectors involving a CANVAS element, a mozTextStyle attribute, and an onresize event.",0
QT Media Foundation in Apple OS X before 10.9.5 allows remote attackers to execute arbitrary code or cause a denial of service (memory corruption and application crash) via a crafted movie file with RLE encoding.,0
"Unspecified vulnerability in the Juniper Networks NetScreen Firewall products with ScreenOS before 6.3r17, when configured to use the internal DNS lookup client, allows remote attackers to cause a denial of service (crash and reboot) via vectors related to a DNS lookup.",0
"core/string_api.php in MantisBT before 1.2.18 does not properly categorize URLs when running under the web root, which allows remote attackers to conduct open redirect and phishing attacks via a crafted URL in the return parameter to login_page.php.",0
"Multiple cross-site scripting (XSS) vulnerabilities in OpenMRS 2.1 Standalone Edition allow remote attackers to inject arbitrary web script or HTML via the (1) givenName, (2) familyName, (3) address1, or (4) address2 parameter to registrationapp/registerPatient.page; the (5) comment parameter to allergyui/allergy.page; the (6) w10 parameter to htmlformentryui/htmlform/enterHtmlForm/submit.action; the (7) HTTP Referer Header to login.htm; the (8) returnUrl parameter to htmlformentryui/htmlform/enterHtmlFormWithStandardUi.page or (9) coreapps/mergeVisits.page; or the (10) visitId parameter to htmlformentryui/htmlform/enterHtmlFormWithSimpleUi.page.",0
Unspecified vulnerability in Oracle Sun Solaris 10 and 11 allows local users to affect integrity and availability via vectors related to RPC Utility.,0
"Multiple buffer overflows in the esa_write function in /dev/seirenin the Exynos Seiren Audio driver, as used in Samsung S6 Edge, allow local users to cause a denial of service (memory corruption) via a large (1) buffer or (2) size parameter.",0
Cross-site scripting (XSS) vulnerability in Cherry Music before 0.36.0 allows remote authenticated users to inject arbitrary web script or HTML via the playlistname field when creating a new playlist.,0
"Unspecified vulnerability in the Oracle Agile PLM component in Oracle Supply Chain Products Suite 9.3.4 and 9.3.5 allows remote authenticated users to affect integrity and availability via vectors related to File Folders / Attachment, a different vulnerability than CVE-2016-3538.",0
convert.c in OpenJPEG before 2.1.2 allows remote attackers to cause a denial of service (NULL pointer dereference and application crash) via vectors involving the variable s.,0
"TP-Link WVR, WAR and ER devices allow remote authenticated administrators to execute arbitrary commands via command injection in the lcpechointerval variable in the pptp_server.lua file.",0
"An issue was discovered in certain Apple products. macOS before 10.12.4 is affected. The issue involves the """"QuickTime"""" component. It allows remote attackers to execute arbitrary code or cause a denial of service (memory corruption and application crash) via a crafted media file.",0
"Notepad++ 7.3.3 (32-bit) with Hex Editor Plugin v0.9.5 might allow user-assisted attackers to execute code via a crafted file, because of a """"Data from Faulting Address controls Code Flow"""" issue. One threat model is a victim who obtains an untrusted crafted file from a remote location and issues several user-defined commands.",0
"The diagnostics web interface in the Yeahlink Ultra-elegant IP Phone SIP-T41P (firmware 66.83.0.35) does not validate (escape) the path information (path traversal), which allows an authenticated remote attacker to get access to privileged information (e.g., /etc/passwd) via path traversal (relative path information in the file parameter of the corresponding POST request).",0
PHP Scripts Mall Entrepreneur Job Portal Script 3.0.1 allows remote attackers to cause a denial of service (outage of profile editing) via crafted JavaScript code in the KeySkills field.,0
Insufficiently sanitized distributed objects in Updater in Google Chrome on macOS prior to 66.0.3359.117 allowed a local attacker to execute arbitrary code via an executable file.,0
"SSRF (Server Side Request Forgery) in /assets/lib/fuc.js.php in Cockpit 0.4.4 through 0.5.5 allows remote attackers to read arbitrary files or send TCP traffic to intranet hosts via the url parameter. NOTE: this vulnerability exists because of an incomplete fix for CVE-2017-14611, which was about version 0.13.0, which (surprisingly) is an earlier version than 0.4.4.",0
"Sigil before 0.9.16 is vulnerable to a directory traversal, allowing attackers to write arbitrary files via a ../ (dot dot slash) in a ZIP archive entry that is mishandled during extraction.",0
"A vulnerability in the internal packet-processing functionality of Cisco Firepower Threat Defense (FTD) Software for the Cisco Firepower 2100 Series could allow an unauthenticated, remote attacker to cause an affected device to stop processing traffic, resulting in a denial of service (DoS) condition. The vulnerability is due to a logic error, which may prevent ingress buffers from being replenished under specific traffic conditions. An attacker could exploit this vulnerability by sending a series of crafted packets to an affected device. A successful exploit could allow the attacker to consume all input buffers, which are shared between all interfaces, leading to a queue wedge condition in all active interfaces. This situation would cause an affected device to stop processing any incoming traffic and result in a DoS condition until the device is reloaded manually.",0
"A vulnerability in the web-based management interface of Cisco DNA Spaces Connector could allow an unauthenticated, remote attacker to execute arbitrary commands on an affected device. The vulnerability is due to insufficient validation of user-supplied input in the web-based management interface. An attacker could exploit this vulnerability by sending crafted HTTP requests to the web-based management interface. A successful exploit could allow the attacker to execute arbitrary commands on the underling operating system with privileges of the web-based management application, which is running as a restricted user. This could result in changes being made to pages served by the web-based management application impacting the integrity or availability of the web-based management application.",0
SQL injection vulnerabilities exist in Wuzhicms v4.1.0 which allows attackers to execute arbitrary SQL commands via the $keyValue parameter in /coreframe/app/pay/admin/index.php,0
BigTree CMS 4.4.16 was discovered to contain an arbitrary file upload vulnerability which allows attackers to execute arbitrary code via a crafted PDF file.,0
BlogEngine v3.3.8.0 was discovered to contain a cross-site scripting (XSS) vulnerability in the component /blogengine/api/posts. This vulnerability allows attackers to execute arbitrary web scripts or HTML via a crafted payload injected into the Description field.,0
Persistent cross-site scripting (XSS) in Crime Reporting System 1.0 allows a remote attacker to introduce arbitary Javascript via manipulation of an unsanitized POST parameter,0
"Discuz! DiscuzX X3.4 has XSS via the view parameter to include/space/space_poll.php, as demonstrated by a mod=space do=poll request to home.php.",0
"InvoicePlane 1.5 has stored XSS via the index.php/invoices/ajax/save invoice_password parameter, aka the """"PDF password"""" field to the """"Create Invoice"""" option. The XSS payload is rendered at an index.php/invoices/view/## URI. NOTE: this is different from CVE-2018-12255.",0
The way URIs are handled in admin/header.php in Chadha PHPKB Standard Multi-Language 9 allows Reflected XSS (injecting arbitrary web script or HTML) in admin/edit-template.php by adding a question mark (?) followed by the payload.,0
"IIS 3.0 and 4.0 on x86 and Alpha allows remote attackers to cause a denial of service (hang) via a malformed GET request, aka the IIS """"GET"""" vulnerability.",1
"Multiple buffer overflows in kermit in HP-UX 10.20 and 11.00 (C-Kermit 6.0.192 and possibly other versions before 8.0) allow local users to gain privileges via long arguments to (1) ask, (2) askq, (3) define, (4) assign, and (5) getc, some of which may share the same underlying function """"doask, a different vulnerability than CVE-2001-0085.",1
Buffer overflow in the mailListIsPdf function in Adobe Acrobat Reader 5.09 for Unix allows remote attackers to execute arbitrary code via an e-mail message with a crafted PDF attachment.,1
"The Com_sprintf function in q_shared.c in Alien Arena 2006 Gold Edition 5.00 does not properly NULL terminate certain long strings, which allows remote attackers (possibly authenticated) to cause a denial of service (application crash) via a long skin, weapon, or model name.",1
"Double free vulnerability in tif_jpeg.c in libtiff before 3.8.1 allows context-dependent attackers to cause a denial of service (crash) and possibly execute arbitrary code via a crafted TIFF image that triggers errors related to """"setfield/getfield methods in cleanup functions.""""",1
"Stack-based buffer overflow in the zip:// URL wrapper in PECL ZIP 1.8.3 and earlier, as bundled with PHP 5.2.0 and 5.2.1, allows remote attackers to execute arbitrary code via a long zip:// URL, as demonstrated by actively triggering URL access from a remote PHP interpreter via avatar upload or blog pingback.",1
"MyServer 0.8.9 and earlier does not properly handle uppercase characters in filename extensions, which allows remote attackers to obtain sensitive information (script source code) via a modified extension, as demonstrated by post.mscgI.",1
"Unspecified vulnerability in asdbapi.dll in CA ARCserve Backup (formerly BrightStor ARCserve Backup) r11.1 through r12.0 allows remote attackers to cause a denial of service (crash of multiple services) via crafted authentication credentials, related to """"insufficient validation.""""",1
"The big2_toUtf8 function in lib/xmltok.c in libexpat in Expat 2.0.1, as used in the XML-Twig module for Perl, allows context-dependent attackers to cause a denial of service (application crash) via an XML document with malformed UTF-8 sequences that trigger a buffer over-read, related to the doProlog function in lib/xmlparse.c, a different vulnerability than CVE-2009-2625 and CVE-2009-3720.",1
"The (1) bin/invscoutClient_VPD_Survey and (2) sbin/invscout_lsvpd programs in invscout.rte before 2.2.0.19 on IBM AIX 7.1, 6.1, 5.3, and earlier allow local users to delete arbitrary files, or trigger inventory scout operations on arbitrary files, via a symlink attack on an unspecified file.",1
"Cisco TelePresence Video Communication Server with software before X7.0.1 allows remote attackers to cause a denial of service (device crash) via a malformed SIP message, aka Bug ID CSCtr20426.",1
"Race condition in win32k.sys in the kernel-mode drivers in Microsoft Windows XP SP2 and SP3, Windows Server 2003 SP2, Windows Vista SP2, Windows Server 2008 SP2, R2, and R2 SP1, and Windows 7 Gold and SP1 allows local users to gain privileges, and consequently read the contents of arbitrary kernel memory locations, via a crafted application, a different vulnerability than other CVEs listed in MS13-016.",1
"The CSN.1 dissector in Wireshark 1.8.x before 1.8.6 does not properly manage function pointers, which allows remote attackers to cause a denial of service (application crash) via a malformed packet.",1
"The report_fixup functions in the HID subsystem in the Linux kernel before 3.16.2 might allow physically proximate attackers to cause a denial of service (out-of-bounds write) via a crafted device that provides a small report descriptor, related to (1) drivers/hid/hid-cherry.c, (2) drivers/hid/hid-kye.c, (3) drivers/hid/hid-lg.c, (4) drivers/hid/hid-monterey.c, (5) drivers/hid/hid-petalynx.c, and (6) drivers/hid/hid-sunplus.c.",1
"Cisco TelePresence Video Communication Server (VCS) and Expressway Software before X8.1.1 allow remote attackers to cause a denial of service (device reload) via crafted SIP packets, aka Bug IDs CSCum60442 and CSCum60447.",1
"Microsoft Internet Explorer 11 allows remote attackers to execute arbitrary code or cause a denial of service (memory corruption) via a crafted web site, aka """"Internet Explorer Memory Corruption Vulnerability, a different vulnerability than CVE-2014-4087, CVE-2014-4095, and CVE-2014-4101.",1
The process_browse_data function in utils/cups-browsed.c in cups-browsed in cups-filters before 1.0.53 allows remote attackers to cause a denial of service (out-of-bounds read and application crash) via crafted packet data.,1
"The Qin Story (aka com.kongzhong.tjmammoth.android.cqqslengp) application 1.00 for Android does not verify X.509 certificates from SSL servers, which allows man-in-the-middle attackers to spoof servers and obtain sensitive information via a crafted certificate.",1
"The SK encar (aka com.encardirect.app) application @7F050000 for Android does not verify X.509 certificates from SSL servers, which allows man-in-the-middle attackers to spoof servers and obtain sensitive information via a crafted certificate.",1
"The RuntimeEventRouter::OnExtensionUninstalled function in extensions/browser/api/runtime/runtime_api.cc in Google Chrome before 45.0.2454.85 does not ensure that the setUninstallURL preference corresponds to the URL of a web site, which allows user-assisted remote attackers to trigger access to an arbitrary URL via a crafted extension that is uninstalled.",1
"Microsoft Office 2007 SP3 and 2010 SP2, Live Meeting 2007 Console, Lync 2010, Lync 2010 Attendee, Lync 2013 SP1, and Lync Basic 2013 SP1 allow remote attackers to execute arbitrary code via a crafted Office Graphics Library (OGL) font, aka """"Microsoft Office Graphics Component Remote Code Execution Vulnerability.""""",1
Cross-site scripting (XSS) vulnerability in Mailbird 2.0.16.0 and earlier allows remote attackers to inject arbitrary web script or HTML via an e-mail message body with a crafted URL.,1
"The ASN.1 decoder in Apple OS X before 10.11.2, tvOS before 9.1, and watchOS before 2.1 allows remote attackers to execute arbitrary code or cause a denial of service (memory corruption) via a crafted certificate, a different vulnerability than CVE-2015-7059 and CVE-2015-7060.",1
"Integer overflow in tools/tiffcp.c in LibTIFF 4.0.7, 3.9.3, 3.9.4, 3.9.5, 3.9.6, 3.9.7, 4.0.0alpha4, 4.0.0alpha5, 4.0.0alpha6, 4.0.0beta7, 4.0.0, 4.0.1, 4.0.2, 4.0.3, 4.0.4, 4.0.4beta, 4.0.5 and 4.0.6 allows remote attackers to have unspecified impact via a crafted image, which triggers a heap-based buffer overflow.",1
"WebKit/Source/core/layout/LayoutObject.cpp in Blink, as used in Google Chrome before 49.0.2623.87, does not properly restrict relayout scheduling, which allows remote attackers to cause a denial of service (use-after-free) or possibly have unspecified other impact via a crafted HTML document.",1
"epan/dissectors/packet-http2.c in the HTTP/2 dissector in Wireshark 2.0.x before 2.0.2 does not limit the amount of header data, which allows remote attackers to cause a denial of service (memory consumption or application crash) via a crafted packet.",1
The output function in gd_gif_out.c in the GD Graphics Library (aka libgd) allows remote attackers to cause a denial of service (out-of-bounds read) via a crafted image.,1
An issue was discovered in the Tatsuya Kinoshita w3m fork before 0.5.3-31. w3m allows remote attackers to cause a denial of service (segmentation fault and crash) via a crafted HTML page.,1
Stack-based buffer overflow in the jpc_tsfb_getbands2 function in jpc_tsfb.c in JasPer before 1.900.30 allows remote attackers to have unspecified impact via a crafted image.,1
Integer overflow in libavcodec/mpeg12dec.c in libav 11.8 allows remote attackers to cause a denial of service (crash) via a crafted file.,1
"In ytnef 1.9.2, the DecompressRTF function in lib/ytnef.c allows remote attackers to cause a denial of service (heap-based buffer over-read and application crash) via a crafted file.",1
"The """"FVB Mobile Banking"""" by First Volunteer Bank of Tennessee app 3.1.1 -- aka fvb-mobile-banking/id551018004 for iOS does not verify X.509 certificates from SSL servers, which allows man-in-the-middle attackers to spoof servers and obtain sensitive information via a crafted certificate.",1
Information leak in autofill in Google Chrome prior to 74.0.3729.108 allowed a remote attacker to obtain potentially sensitive information from process memory via a crafted HTML page.,1
"Digi ConnectPort X2e before 3.2.30.6 allows an attacker to escalate privileges from the python user to root via a symlink attack that uses chown, related to /etc/init.d/S50dropbear.sh and the /WEB/python/.ssh directory.",1
"An XSS issue in emfd in Ruckus Wireless Unleashed through 200.7.10.102.92 allows a remote attacker to execute JavaScript code via an unauthenticated crafted HTTP request. This affects C110, E510, H320, H510, M510, R320, R310, R500, R510 R600, R610, R710, R720, R750, T300, T301n, T301s, T310c, T310d, T310n, T310s, T610, T710, and T710s devices.",1
"An issue was discovered in Hyland OnBase 16.0.2.83 and below, 17.0.2.109 and below, 18.0.0.37 and below, 19.8.16.1000 and below and 20.3.10.1000 and below. It allows remote attackers to cause a denial of service (outage of connection-request processing) via a long user ID, which triggers an exception and a large log entry.",1
Type confusion in V8 in Google Chrome prior to 91.0.4472.101 allowed a remote attacker to potentially exploit heap corruption via a crafted HTML page.,1
Use after free in Extensions in Google Chrome prior to 91.0.4472.101 allowed an attacker who convinced a user to install a malicious extension to potentially exploit heap corruption via a crafted HTML page.,1
Use after free in WebApp Installs in Google Chrome prior to 102.0.5005.61 allowed an attacker who convinced a user to install a malicious extension to potentially exploit heap corruption via a crafted Chrome Extension and specific user interaction.,1
"An URL Address bar spoofing vulnerability was discovered in Safe Browser for iOS. When user clicks on a specially crafted a malicious URL, if user does not carefully pay attention to url, user may be tricked to think content may be coming from a valid domain, while it comes from another. This is performed by using a very long username part of the url so that user cannot see the domain name. A remote attacker can leverage this to perform url address bar spoofing attack. The fix is, browser no longer shows the user name part in address bar.",1
"Untrusted search path vulnerability in ACDSee Picture Frame Manager 1.0 Build 81 allows local users to gain privileges via a Trojan horse ShellIntMgrPFMU.dll file in the current working directory, as demonstrated by a directory that contains a .jpg file.  NOTE: the provenance of this information is unknown; the details are obtained solely from third party information.",2
"Untrusted search path vulnerability in Lenovo Thinkpad Bluetooth with Enhanced Data Rate Software 6.4.0.2900 and earlier allows local users, and possibly remote attackers, to execute arbitrary code and conduct DLL hijacking attacks via a Trojan horse DLL that is located in the same folder as a file that is processed by Lenovo Bluetooth.",2
"Directory traversal vulnerability in WebID in RSA Security SecurID 5.0 as used by ACE/Agent for Windows, Windows NT and Windows 2000 allows attackers to access restricted resources via URL-encoded (1) /.. or (2) \.. sequences.",3
"PHP-Nuke 7.3, and other products that use the PHP-Nuke codebase such as the Nuke Cops betaNC PHP-Nuke Bundle, OSCNukeLite 3.1, and OSC2Nuke 7x do not properly use the eregi() PHP function with $_SERVER['PHP_SELF'] to identify the calling script, which allows remote attackers to directly access scripts, obtain path information via a PHP error message, and possibly gain access, as demonstrated using an HTTP request that contains the """"admin.php"""" string.",3
"Clearswift MAILsweeper for SMTP before 4.3.20 and MAILsweeper for Exchange before 4.3.20 allows remote attackers to bypass the """"text analysis"""", possibly bypassing SPAM and other filters, by sending an e-mail specifying a non-existent or unrecognized character set.",3
"Trend Micro ServerProtect for Linux (SPLX) 1.25, 1.3, and 2.5 before 20070216 allows remote attackers to access arbitrary web pages and reconfigure the product via HTTP requests with the splx_2376_info cookie to the web interface port (14942/tcp).",3
"Use-after-free vulnerability in the NetWare Core Protocol (NCP) feature in Novell eDirectory 8.7.3 SP10 before 8.7.3 SP10 FTF1 and 8.8 SP2 for Windows allows remote attackers to cause a denial of service and possibly execute arbitrary code via a sequence of """"Get NCP Extension Information By Name"""" requests that cause one thread to operate on memory after it has been freed in another thread, which triggers memory corruption, aka Novell Bug 373852.",3
"AJ Square AJ Auction OOPD, Pro Platinum Skin #1, Pro Platinum Skin #2, and Web 2.0 send a redirect but do not exit when certain scripts are called directly, which allows remote attackers to bypass authentication via a direct request to (1) site.php, (2) auction.php, (3) mail.php, (4) fee_setting.php, (5) earnings.php, (6) insertion_fee_settings.php, (7) custom_category.php, (8) subcategory.php, (9) category.php, (10) report.php, (11) store_manager.php, and (12) choose_sell_format.php in admin/, and possibly other vectors.",3
"The sock_getsockopt function in net/core/sock.c in the Linux kernel before 2.6.28.6 does not initialize a certain structure member, which allows local users to obtain potentially sensitive information from kernel memory via an SO_BSDCOMPAT getsockopt request.",3
"The frontend rendering component in TYPO3 4.5.x before 4.5.39, 4.6.x through 6.2.x before 6.2.9, and 7.x before 7.0.2, when config.prefixLocalAnchors is set to all or cached, allows remote attackers to have an unspecified impact (possibly resource consumption) via a """"Cache Poisoning"""" attack using a URL with arbitrary arguments, which triggers a reload of the page.",3
"Multiple open redirect vulnerabilities in Jenkins before 2.3 and LTS before 1.651.2 allow remote attackers to redirect users to arbitrary web sites and conduct phishing attacks via unspecified vectors related to """"scheme-relative"""" URLs.",3
"The ES File Explorer File Manager application through 4.1.9.7.4 for Android allows remote attackers to read arbitrary files or execute applications via TCP port 59777 requests on the local Wi-Fi network. This TCP port remains open after the ES application has been launched once, and responds to unauthenticated application/json data over HTTP.",3
"Vulnerability in the Oracle Outside In Technology product of Oracle Fusion Middleware (component: Outside In Filters). Supported versions that is affected is 8.5.4. Easily exploitable vulnerability allows unauthenticated attacker with network access via HTTP to compromise Oracle Outside In Technology. Successful attacks of this vulnerability can result in unauthorized update, insert or delete access to some of Oracle Outside In Technology accessible data. Note: Outside In Technology is a suite of software development kits (SDKs). The protocol and CVSS score depend on the software that uses the Outside In Technology code. The CVSS score assumes that the software passes data received over a network directly to Outside In Technology code, but if data is not received over a network the CVSS score may be lower. CVSS 3.0 Base Score 5.3 (Integrity impacts). CVSS Vector: (CVSS:3.0/AV:N/AC:L/PR:N/UI:N/S:U/C:N/I:L/A:N).",3
"Due to how Wire handles type information in its serialization format, malicious payloads can be passed to a deserializer. e.g. using a surrogate on the sender end, an attacker can pass information about a different type for the receiving end. And by doing so allowing the serializer to create any type on the deserializing end. This is the same issue that exists for .NET BinaryFormatter https://docs.microsoft.com/en-us/visualstudio/code-quality/ca2300?view=vs-2019. This also applies to the fork of Wire.",3
C-DATA FD702XW-X-R430 v2.1.13_X001 was discovered to contain a command injection vulnerability via the va_cmd parameter in formlanipv6. This vulnerability allows attackers to execute arbitrary commands via a crafted HTTP request.,3
A vulnerability has been identified in SINEC NMS (All versions < V1.0 SP2 Update 1). A privileged authenticated attacker could execute arbitrary commands in the local database by sending crafted requests to the webserver of the affected application.,3
suidexec in suidmanager 0.18 on Debian 2.0 allows local users to gain root privileges by specifying a malicious program on the command line.,5
"Microsoft Internet Information Services (IIS) server 4.0 SP4, without certain hotfixes released for SP4, does not require authentication credentials under certain conditions, which allows remote attackers to bypass authentication requirements, as demonstrated by connecting via Microsoft Visual InterDev 6.0.",5
"The undocumented semconfig system call in BSD freezes the state of semaphores, which allows local users to cause a denial of service of the semaphore system by using the semconfig call.",5
"NetOp School 1.5 allows local users to bypass access restrictions on the administration version by logging into the student version, closing the student version, then starting the administration version.",5
"GroupWise 6, when using LDAP authentication and when Post Office has a blank username and password, allows attackers to gain privileges of other users by logging in without a password.",5
Format string vulnerability in HylaFAX faxgetty before 4.1.3 allows remote attackers to cause a denial of service (crash) via the TSI data element.,5
"Cross-site request forgery (CSRF) vulnerability in Citrix Presentation Server 4.0 and 4.5, MetaFrame Presentation Server 3.0, and Access Essentials 1.0 through 2.0 allows remote attackers to execute arbitrary published applications, and possibly other programs, as authenticated users via the InitialProgram key in an ICA connection. NOTE: some of these details are obtained from third party information.",5
The IMAP Client for Evolution 1.2.4 allows remote malicious IMAP servers to cause a denial of service and possibly execute arbitrary code via certain large literal size values that cause either integer signedness errors or integer overflow errors.,5
Stack-based buffer overflow in the OutputDebugString function for Adobe Acrobat Reader 5.1 allows remote attackers to execute arbitrary code via a PDF document with XML Forms Data Format (XFDF) data.,5
Integer overflow in imgbmp.cxx for Windows 2000 allows remote attackers to execute arbitrary code via a BMP image with a large bfOffBits value.,5
"Multiple buffer overflows in Exim before 4.43 may allow attackers to execute arbitrary code via (1) an IPv6 address with more than 8 components, as demonstrated using the -be command line option, which triggers an overflow in the host_aton function, or (2) the -bh command line option or dnsdb PTR lookup, which triggers an overflow in the dns_build_reverse function.",5
"Multiple games developed by FUN labs, including 4X4 Off-road Adventure III, Big Game Hunter, Dangerous Hunts, Deer Hunt, Revolution, Secret Service, Shadow Force, and US Most Wanted, allow remote attackers to cause a denial of service via an empty UDP packet to the server, which cannot detect that a new packet has arrived using the socket ioctl.",5
"Multiple HTTP response splitting vulnerabilities in Hitachi Business Logic - Container (BLC) P-2443-9114 01-00 through 02-06 on Windows, and P-1M43-9111 01-01 through 02-00 on AIX, allow remote attackers to inject arbitrary HTTP headers via unknown attack vectors in an unspecified input form.",0
"Craig Morrison Mail Transport System Professional (aka MTS Pro) acts as an open relay when configured to relay all mail through an external SMTP server, which allows remote attackers to relay mail by connecting to the MTS Pro server, then sending a MAIL FROM that specifies a domain that is local to the server.",5
"War FTP Daemon (WarFTPd) 1.82.00-RC11 allows remote authenticated users to cause a denial of service via a large number of """"%s"""" format strings in (1) CWD, (2) CDUP, (3) DELE, (4) NLST, (5) LIST, (6) SIZE, and possibly other commands.  NOTE: it is possible that vector 1 is an off-by-one variant or incomplete fix of CVE-2005-0312.",5
"TWiki 4.0.5 and earlier, when running under Apache 1.3 using ApacheLogin with sessions and """"ErrorDocument 401"""" redirects to a valid wiki topic, does not properly handle failed login attempts, which allows remote attackers to read arbitrary content by cancelling out of a failed authentication with a valid username and invalid password.",0
Cross-site scripting (XSS) vulnerability in Weblinks for Drupal 4.7.x before 4.7.x-1.0 and 5.x before 5.x-1.8 allows remote attackers to inject arbitrary web script or HTML via unspecified vectors.,5
"Cross-site scripting (XSS) vulnerability in HP OpenView Network Node Manager (OV NNM) 6.41, 7.01, and 7.51 allows remote attackers to inject arbitrary web script or HTML via unspecified vectors.",5
Unspecified vulnerability in vdccm before 0.10.1 in SynCE (SynCE-dccm) might allow attackers to cause a denial of service via unspecified vectors.,5
"CRLF injection vulnerability in Cacti 0.8.7 before 0.8.7b and 0.8.6 before 0.8.6k, when running on older PHP interpreters, allows remote attackers to inject arbitrary HTTP headers and conduct HTTP response splitting attacks via unspecified vectors.",0
"Unspecified vulnerability in the socket function in Sun Solaris 10 and OpenSolaris snv_57 through snv_91, when InfiniBand hardware is not installed, allows local users to cause a denial of service (panic) via unknown vectors, related to the socksdpv_close function.",5
crontab in bos.rte.cron in IBM AIX 6.1.0 through 6.1.2 allows local users with aix.system.config.cron authorization to gain privileges by launching an editor.,0
"Fortinet Antivirus 3.113.0.0, when Internet Explorer 6 or 7 is used, allows remote attackers to bypass detection of malware in an HTML document by placing an MZ header (aka """"EXE info"""") at the beginning, and modifying the filename to have (1) no extension, (2) a .txt extension, or (3) a .jpg extension, as demonstrated by a document containing a CVE-2006-5745 exploit.",5
MyShoutPro 1.2 allows remote attackers to bypass authentication and gain administrative access by setting the admin_access cookie to 1.,5
"Argument injection vulnerability in Exodus 0.10 allows remote attackers to inject arbitrary command line arguments, overwrite arbitrary files, and cause a denial of service via encoded spaces in an im:// URI.",5
"Apple Safari 4 Beta build 528.16 allows remote attackers to cause a denial of service (NULL pointer dereference and application crash) via a feeds: URI beginning with a (1) % (percent), (2) { (open curly bracket), (3) } (close curly bracket), (4) ^ (caret), (5) ` (backquote), or (6) | (pipe) character, followed by an & (ampersand) character.",5
"The WebDAV extension in Microsoft Internet Information Services (IIS) 5.1 and 6.0 allows remote attackers to bypass URI-based protection mechanisms, and list folders or read, create, or modify files, via a %c0%af (Unicode / character) at an arbitrary position in the URI, as demonstrated by inserting %c0%af into a """"/protected/"""" initial pathname component to bypass the password protection on the protected\ folder, aka """"IIS 5.1 and 6.0 WebDAV Authentication Bypass Vulnerability, a different vulnerability than CVE-2009-1122.",1
SQL injection vulnerability in z_admin_login.asp in DataCheck Solutions SitePal 1.x allows remote attackers to execute arbitrary SQL commands via unspecified vectors.  NOTE: the provenance of this information is unknown; the details are obtained solely from third party information.,5
"The default configuration of Apache Tomcat in Websense Manager in Websense Web Security 7.0 and Web Filter 7.0 allows connections to TCP port 1812 from arbitrary source IP addresses, which makes it easier for remote attackers to conduct cross-site scripting (XSS) attacks via UTF-7 text to the 404 error page of a Project Woodstock service on this port.",5
"ISC DHCP server 4.2 before 4.2.0-P2, when configured to use failover partnerships, allows remote attackers to cause a denial of service (communications-interrupted state and DHCP client service loss) by connecting to a port that is only intended for a failover peer, as demonstrated by a Nagios check_tcp process check to TCP port 520.",0
Unspecified vulnerability in HP Insight Control Server Migration before 6.2 allows remote attackers to obtain sensitive information or modify data via unknown vectors.,5
"Unspecified vulnerability in the Oracle Application Object Library component in Oracle E-Business Suite 11.5.10.2, 12.0.6, 12.1.2, and 12.1.3 allows remote attackers to affect integrity via unknown vectors related to Single Sign On.",5
"Buffer overflow in Adobe Flash Player before 10.3.183.5 on Windows, Mac OS X, Linux, and Solaris and before 10.3.186.3 on Android, and Adobe AIR before 2.7.1 on Windows and Mac OS X and before 2.7.1.1961 on Android, allows attackers to execute arbitrary code via unspecified vectors, a different vulnerability than CVE-2011-2130, CVE-2011-2134, CVE-2011-2137, and CVE-2011-2414.",5
Stack-based buffer overflow in the Novell NCP implementation in NetIQ eDirectory 8.8.7.x before 8.8.7.2 allows remote attackers to have an unspecified impact via unknown vectors.,5
Unspecified vulnerability in Oracle MySQL Server 5.5.23 and earlier allows remote authenticated users to affect availability via unknown vectors related to Server Optimizer.,5
"Session fixation vulnerability in IBM Maximo Asset Management 7.1 through 7.5, as used in SmartCloud Control Desk, Tivoli Asset Management for IT, Tivoli Service Request Manager, Maximo Service Desk, and Change and Configuration Management Database (CCMDB), allows remote attackers to hijack web sessions via unspecified vectors.",5
"Cross-site scripting (XSS) vulnerability in HP Service Manager Web Tier 7.11, 9.21, and 9.30, and HP Service Center Web Tier 6.28, allows remote attackers to inject arbitrary web script or HTML via unspecified vectors.",5
Multiple cross-site request forgery (CSRF) vulnerabilities in admin/agenteditor.php in Free Realty 3.1-0.6 allow remote attackers to hijack the authentication of administrators for requests that (1) add an agent via an addagent action or (2) modify an agent.,5
"The nsrpush process in the client in EMC NetWorker before 7.6.5.3 and 8.x before 8.0.1.4 sets weak permissions for unspecified files, which allows local users to gain privileges via unknown vectors.",5
"mail_password.py in Plone 2.1 through 4.1, 4.2.x through 4.2.5, and 4.3.x through 4.3.1 allows remote authenticated users to bypass the prohibition on password changes via the forgotten password email functionality.",5
"Unspecified vulnerability in HP Intelligent Management Center (iMC) and HP IMC Service Operation Management Software Module allows remote attackers to bypass authentication via unknown vectors, aka ZDI-CAN-1644.",5
Unspecified vulnerability in IBM Rational Service Tester 8.3.x and 8.5.x before 8.5.1 and Rational Performance Tester 8.3.x and 8.5.x before 8.5.1 allows remote attackers to read arbitrary files via unknown vectors.,5
"Ember.js 1.0.x before 1.0.1, 1.1.x before 1.1.3, 1.2.x before 1.2.1, 1.3.x before 1.3.1, and 1.4.x before 1.4.0-beta.2 allows remote attackers to conduct cross-site scripting (XSS) attacks by leveraging an application that contains templates whose context is set to a user-supplied primitive value and also contain the `{{this}}` special Handlebars variable.",5
"Unspecified vulnerability in Oracle Sun Solaris 10 allows local users to affect confidentiality, integrity, and availability via unknown vectors related to Patch installation scripts.",5
"(1) lib/dataset/database/mysql.rb and (2) lib/dataset/database/postgresql.rb in the codders-dataset gem 1.3.2.1 for Ruby place credentials on the mysqldump command line, which allows local users to obtain sensitive information by listing the process.",5
"The indexing functionality in Spotlight in Apple OS X before 10.10.2 writes memory contents to an external hard drive, which allows local users to obtain sensitive information by reading from this drive.",0
"Multiple cross-site scripting (XSS) vulnerabilities in SAP HANA 73 (1.00.73.00.389160) and HANA Developer Edition 80 (1.00.80.00.391861) allow remote attackers to inject arbitrary web script or HTML via unspecified vectors to (1) ide/core/plugins/editor/templates/trace/hanaTraceDetailService.xsjs or (2) xs/ide/editor/templates/trace/hanaTraceDetailService.xsjs, aka SAP Note 2069676.",5
IBM General Parallel File System (GPFS) 3.5.x before 3.5.0.27 and 4.1.x before 4.1.1.2 and Spectrum Scale 4.1.1.x before 4.1.1.2 allow local users to obtain root privileges for command execution via unspecified vectors.,5
"ZTE OX-330P, ZXHN H108N, W300V1.0.0S_ZRD_TR1_D68, HG110, GAN9.8T101A-B, MF28G, ZXHN H108N use non-unique X.509 certificates and SSH host keys, which might allow remote attackers to obtain credentials or other sensitive information via a man-in-the-middle attack, passive decryption attack, or impersonating a legitimate device.",5
"Adobe Flash Player before 18.0.0.261 and 19.x before 19.0.0.245 on Windows and OS X and before 11.2.202.548 on Linux, Adobe AIR before 19.0.0.241, Adobe AIR SDK before 19.0.0.241, and Adobe AIR SDK & Compiler before 19.0.0.241 allow attackers to execute arbitrary code by leveraging an unspecified """"type confusion"""" in the NetConnection object implementation.",5
"Arista EOS before 4.11.12, 4.12 before 4.12.11, 4.13 before 4.13.14M, 4.14 before 4.14.5FX.5, and 4.15 before 4.15.0FX1.1 allows remote attackers to execute arbitrary code as root by leveraging management-plane access, aka Bug 138716.",5
IBM i Access 7.1 on Windows allows local users to discover registry passwords via unspecified vectors.,5
"The client in OpenSSH before 7.2 mishandles failed cookie generation for untrusted X11 forwarding and relies on the local X11 server for access-control decisions, which allows remote X11 clients to trigger a fallback and obtain trusted X11 forwarding privileges by leveraging configuration issues on this X11 server, as demonstrated by lack of the SECURITY extension on this X11 server.",0
"Unspecified vulnerability in Zimbra Collaboration before 8.7.0 allows remote attackers to affect integrity via unknown vectors, aka bug 103996.",5
"Unspecified vulnerability in the Oracle Retail Xstore Payment component in Oracle Retail Applications 1.x allows local users to affect confidentiality, integrity, and availability via unknown vectors.",5
OpenBSD 5.8 and 5.9 allows local users to cause a denial of service (kernel panic) via a large size in a getdents system call.,5
Vulnerability in the MySQL Server component of Oracle MySQL (subcomponent: Server: InnoDB). Supported versions that are affected are 5.7.19 and earlier. Easily exploitable vulnerability allows high privileged attacker with network access via multiple protocols to compromise MySQL Server. Successful attacks of this vulnerability can result in unauthorized ability to cause a hang or frequently repeatable crash (complete DOS) of MySQL Server. CVSS 3.0 Base Score 4.9 (Availability impacts). CVSS Vector: (CVSS:3.0/AV:N/AC:L/PR:H/UI:N/S:U/C:N/I:N/A:H).,5
The check_alu_op function in kernel/bpf/verifier.c in the Linux kernel through 4.4 allows local users to cause a denial of service (memory corruption) or possibly have unspecified other impact by leveraging incorrect sign extension.,5
Cross-site scripting vulnerability in Simple Custom CSS and JS prior to version 3.4 allows remote attackers to inject arbitrary web script or HTML via unspecified vectors.,5
Improper setting of device configuration in system firmware for Intel(R) NUC kits may allow a privileged user to potentially enable escalation of privilege via physical access.,0
"Vulnerability in the Oracle Human Resources component of Oracle E-Business Suite (subcomponent: General Utilities). Supported versions that are affected are 12.1.1, 12.1.2, 12.1.3, 12.2.3, 12.2.4, 12.2.5, 12.2.6 and 12.2.7. Easily exploitable vulnerability allows unauthenticated attacker with network access via HTTP to compromise Oracle Human Resources. Successful attacks of this vulnerability can result in unauthorized read access to a subset of Oracle Human Resources accessible data. CVSS 3.0 Base Score 5.3 (Confidentiality impacts). CVSS Vector: (CVSS:3.0/AV:N/AC:L/PR:N/UI:N/S:U/C:L/I:N/A:N).",5
"fpregs_state_valid in arch/x86/include/asm/fpu/internal.h in the Linux kernel before 5.4.2, when GCC 9 is used, allows context-dependent attackers to cause a denial of service (memory corruption) or possibly have unspecified other impact because of incorrect fpu_fpregs_owner_ctx caching, as demonstrated by mishandling of signal-based non-cooperative preemption in Go 1.14 prereleases on amd64, aka CID-59c4bd853abc.",0
"Improper permissions in the installer for the Intel(R) HID Event Filter Driver, all versions, may allow an authenticated user to potentially enable escalation of privilege via local access.",5
XSS in the admin help system admin/help.html and admin/quicklinks.html in Interchange 4.7.0 through 5.11.x allows remote attackers to steal credentials or data via browser JavaScript.,5
OnePlus App Locker through 2020-10-06 allows physically proximate attackers to use Google Assistant to bypass an authorization check in order to send an SMS message when the SMS application is locked.,5
"A vulnerability in the installation component of Cisco Hyperflex HX-Series Software could allow an authenticated, local attacker to retrieve the password that was configured at installation on an affected device. The vulnerability exists because sensitive information is stored as clear text. An attacker could exploit this vulnerability by authenticating to an affected device and navigating to the directory that contains sensitive information. A successful exploit could allow the attacker to obtain sensitive information in clear text from the affected device.",5
PHP Object injection vulnerabilities in the Team Showcase plugin before 1.22.16 for WordPress allow remote authenticated attackers to inject arbitrary PHP objects due to insecure unserialization of data supplied in a remotely hosted crafted payload in the source parameter via AJAX. The action must be set to team_import_xml_layouts.,5
"An improper access control vulnerability has been reported to affect QNAP NAS. If exploited, this vulnerability allows remote attackers to compromise the security of the software. This issue affects: QNAP Systems Inc. Helpdesk versions prior to 3.0.4.",0
A cross-site scripting (XSS) vulnerability in Bitweaver version 3.1.0 allows remote attackers to inject JavaScript via the /users/index.php URI.,5
"Vulnerability in the Java SE, Oracle GraalVM Enterprise Edition product of Oracle Java SE (component: Keytool). Supported versions that are affected are Java SE: 7u311, 8u301, 11.0.12, 17; Oracle GraalVM Enterprise Edition: 20.3.3 and 21.2.0. Easily exploitable vulnerability allows unauthenticated attacker with network access via multiple protocols to compromise Java SE, Oracle GraalVM Enterprise Edition. Successful attacks of this vulnerability can result in unauthorized update, insert or delete access to some of Java SE, Oracle GraalVM Enterprise Edition accessible data. Note: This vulnerability applies to Java deployments, typically in clients running sandboxed Java Web Start applications or sandboxed Java applets, that load and run untrusted code (e.g., code that comes from the internet) and rely on the Java sandbox for security. This vulnerability can also be exploited by using APIs in the specified Component, e.g., through a web service which supplies data to the APIs. CVSS 3.1 Base Score 5.3 (Integrity impacts). CVSS Vector: (CVSS:3.1/AV:N/AC:L/PR:N/UI:N/S:U/C:N/I:L/A:N).",5
"An exposure of sensitive information to an unauthorized actor vulnerability [CWE-200] in FortiClient for Linux version 7.0.2 and below, 6.4.7 and below and 6.2.9 and below may allow an unauthenticated attacker to access the confighandler webserver via external binaries.",0
"Vulnerability in the Oracle Enterprise Data Quality product of Oracle Fusion Middleware (component: Dashboard). Supported versions that are affected are 12.2.1.3.0 and 12.2.1.4.0. Easily exploitable vulnerability allows unauthenticated attacker with network access via HTTP to compromise Oracle Enterprise Data Quality. Successful attacks require human interaction from a person other than the attacker and while the vulnerability is in Oracle Enterprise Data Quality, attacks may significantly impact additional products (scope change). Successful attacks of this vulnerability can result in unauthorized access to critical data or complete access to all Oracle Enterprise Data Quality accessible data as well as unauthorized update, insert or delete access to some of Oracle Enterprise Data Quality accessible data and unauthorized ability to cause a partial denial of service (partial DOS) of Oracle Enterprise Data Quality. CVSS 3.1 Base Score 8.8 (Confidentiality, Integrity and Availability impacts). CVSS Vector: (CVSS:3.1/AV:N/AC:L/PR:N/UI:R/S:C/C:H/I:L/A:L).",5
Known v1.3.1+2020120201 was discovered to allow attackers to perform an account takeover via a host header injection attack.,5
A vulnerability was found in the Linux kernel. An unprivileged local user could trigger oops in shash_async_export() by attempting to force the in-kernel hashing algorithms into decrypting an empty data set.,5
An issue was discovered in Kaseya Unitrends Backup Appliance before 10.5.5. The apache user could read arbitrary files such as /etc/shadow by abusing an insecure Sudo rule.,5
"iScripts eSwap v2.4 has CSRF via """"registration_settings.php"""" in the Admin Panel.",5
AuraCMS 2.3 allows XSS via a Bukutamu -> AddGuestbook action.,5
